"","e","v","cc","spl","md","gd","nd","ad"
"1",44680,2194,0.51073133604436,3.91793538243532,0.671974447859204,0.0185723947207511,6.70012599229813,40.7292616226071
